id,city,airport name,symbol,median_infection_hours,clustering,degree,betweenness
0,Allentown,Lehigh Valley Intl,ABE,3.9166666666666665,1.0,5,0.0
1,Cleveland,Cleveland Hopkins Intl,CLE,8.75,0.5287356321839081,58,0.004675368483266851
2,Charlotte,Charlotte Douglas Intl,CLT,7.266666666666667,0.4219114219114219,66,0.014124523341258495
3,Chicago,Chicago Ohare Intl,ORD,7.5,0.17008430166324903,133,0.11820322297203643
4,Atlanta,Hartsfield Jackson Atlanta Intl,ATL,6.35,0.12894954507857734,156,0.21962891805411136
5,Detroit,Detroit Metro Wayne Co,DTW,7.366666666666666,0.20750625521267724,110,0.08488858216516483
6,Abilene,Abilene Rgnl,ABI,12.666666666666666,0.0,1,0.0
7,Dallas-fort Worth,Dallas Fort Worth Intl,DFW,8.166666666666666,0.1740952380952381,126,0.12230957669901898
8,Albuquerque,Albuquerque International Sunport,ABQ,9.583333333333334,0.6477832512315271,29,0.002372396708744987
9,Amarillo,Rick Husband Amarillo Intl,AMA,8.333333333333334,0.8,6,4.058046644902595e-05
10,Baltimore,Baltimore Washington Intl,BWI,7.883333333333334,0.5011299435028248,60,0.004918172252492344
11,Dallas,Dallas Love Fld,DAL,8.333333333333334,0.39215686274509803,18,0.0006410783083483121
12,Denver,Denver Intl,DEN,7.75,0.20353380903839619,109,0.07959904368552319
13,El Paso,El Paso Intl,ELP,9.083333333333334,0.8095238095238095,15,0.00041750079935227915
14,Houston,William P Hobby,HOU,8.5,0.5120967741935484,32,0.002653317515357643
15,Las Vegas,Mc Carran Intl,LAS,11.433333333333334,0.3940533151059467,77,0.019244832755712243
16,Los Angeles,Los Angeles Intl,LAX,10.866666666666667,0.33432062199185486,74,0.05433151305478004
17,Lubbock,Lubbock Preston Smith Intl,LBB,7.916666666666667,0.8571428571428571,7,2.1598892681040486e-05
18,Midland,Midland Intl,MAF,10.166666666666666,0.8095238095238095,7,2.419609289920531e-05
19,Kansas City,Kansas City Intl,MCI,8.0,0.7689393939393939,33,0.0007134654009886447
20,Orlando,Orlando Intl,MCO,8.016666666666667,0.40153452685422,69,0.016370828024802164
21,Chicago,Chicago Midway Intl,MDW,8.7,0.4416326530612245,50,0.0038778827199760298
22,Oakland,Metropolitan Oakland Intl,OAK,10.083333333333334,0.5833333333333334,25,0.0004602067718941957
23,Portland,Portland Intl,PDX,11.916666666666666,0.5020242914979757,39,0.014331273773196596
24,Phoenix,Phoenix Sky Harbor Intl,PHX,10.133333333333333,0.333032219211081,82,0.043761707709995636
25,San Diego,San Diego Intl,SAN,11.783333333333333,0.7147147147147147,37,0.0007759861637356083
26,Seattle,Seattle Tacoma Intl,SEA,11.816666666666666,0.4776470588235294,51,0.050470429688131646
27,Salt Lake City,Salt Lake City Intl,SLC,9.883333333333333,0.21625233894680568,87,0.10614303584254284
28,St. Louis,Lambert St Louis Intl,STL,8.433333333333334,0.6617336152219874,44,0.0015891482366721624
29,Tampa,Tampa Intl,TPA,7.85,0.518796992481203,57,0.004347161765893401
30,Tucson,Tucson Intl,TUS,10.533333333333333,0.95,16,2.0471395523841314e-05
31,Houston,George Bush Intcntl Houston,IAH,8.125,0.24666666666666667,100,0.05472921422939075
32,San Francisco,San Francisco Intl,SFO,11.666666666666666,0.31517715494447385,62,0.05196868852602535
33,Washington,Washington Dulles Intl,IAD,8.716666666666667,0.42063492063492064,64,0.007810839733623555
34,Minneapolis,Minneapolis St Paul Intl,MSP,9.083333333333334,0.2484557309540151,94,0.08160052972599652
35,Albany,Southwest Georgia Regional Airport,ABY,15.0,0.0,1,0.0
36,Waco,Waco Rgnl,ACT,14.0,0.0,1,0.0
37,Arcata CA,Arcata,ACV,12.683333333333334,0.6666666666666666,4,0.00028038617903273203
38,Sacramento,Sacramento Intl,SMF,11.966666666666667,0.7355072463768116,24,0.0017087289874981038
39,Crescent City,Del Norte County Airport,CEC,18.966666666666665,1.0,2,0.0
40,Adak Island,Adak Airport,ADK,19.283333333333335,0.0,1,0.0
41,Anchorage,Ted Stevens Anchorage Intl,ANC,12.583333333333334,0.23391812865497075,19,0.06140465368248111
42,Kodiak,Kodiak,ADQ,34.1,0.0,1,0.0
43,Alexandria,Alexandria Intl,AEX,13.166666666666666,1.0,3,0.0
44,Bush Field,Augusta Rgnl At Bush Fld,AGS,8.5,0.0,1,0.0
45,Albany,Albany Intl,ALB,10.133333333333333,0.9166666666666666,16,9.600331331925729e-06
46,Fort Lauderdale,Fort Lauderdale Hollywood Intl,FLL,8.416666666666666,0.5592156862745098,51,0.004970351872555297
47,Newark,Newark Liberty Intl,EWR,7.516666666666667,0.3362544628367413,79,0.014497029745119978
48,Cincinnati,Cincinnati Northern Kentucky Intl,CVG,7.775,0.3158347676419966,84,0.025161003589315858
49,New York,John F Kennedy Intl,JFK,7.9,0.45061367621274107,59,0.012241724529594501
50,Philadelphia,Philadelphia Intl,PHL,7.75,0.5877009084556254,54,0.0027743535975730646
51,Fairbanks,Fairbanks Intl,FAI,13.0,0.6666666666666666,4,0.0007633761786214375
52,Deadhorse,Deadhorse,SCC,26.066666666666666,1.0,3,0.0
53,Juneau,Juneau Intl,JNU,11.666666666666666,0.2,6,0.017635577566435197
54,Cordova,Merle K Mudhole Smith,CDV,18.216666666666665,0.0,2,0.0009158172664731129
55,Hickam Afb,Honolulu Intl,HNL,14.841666666666667,0.6798418972332015,23,0.007056416547844811
56,Kahului,Kahului,OGG,9.516666666666667,0.7252747252747253,14,0.0029062090298946418
57,Bethel,Bethel,BET,21.983333333333334,0.0,1,0.0
58,Kotzebue,Ralph Wien Mem,OTZ,21.3,1.0,2,0.0
59,Nome,Nome,OME,22.816666666666666,1.0,2,0.0
60,Aspen,Aspen-Pitkin Co/Sardy Field Airport,ASE,10.016666666666667,1.0,6,0.0
61,Greensboro,Piedmont Triad,GSO,8.85,0.9743589743589743,13,1.2699488246244191e-06
62,Knoxville,Mc Ghee Tyson,TYS,7.583333333333333,0.9743589743589743,13,1.2699488246244191e-06
63,Omaha,Eppley Afld,OMA,9.133333333333333,0.9083333333333333,16,3.925580443354736e-05
64,Pittsburgh (pennsylva),Pittsburgh Intl,PIT,7.966666666666667,0.8689458689458689,27,0.000128217644622493
65,Austin,Austin Bergstrom Intl,AUS,10.6,0.6184873949579832,35,0.003359707852409215
66,Birmingham,Birmingham Intl,BHM,7.533333333333333,0.8043478260869565,24,0.0002783628896196374
67,Chattanooga,Lovell Fld,CHA,8.908333333333333,1.0,5,0.0
68,Greenville,Greenville-Spartanburg International,GSP,7.833333333333333,0.9555555555555556,10,1.2699488246244191e-06
69,Mobile,Mobile Rgnl,MOB,10.083333333333334,1.0,4,0.0
70,Buffalo,Buffalo Niagara Intl,BUF,7.633333333333334,0.9157894736842105,20,1.848640921615987e-05
71,Milwaukee,General Mitchell Intl,MKE,8.533333333333333,0.6079545454545454,33,0.0031675206799465653
72,Nashville,Nashville Intl,BNA,7.916666666666667,0.6965669988925803,43,0.0010316814165138486
73,Jackson,Jackson Evers Intl,JAN,9.05,0.8,10,2.7143189770285343e-05
74,Valparaiso,Eglin Afb,VPS,9.0,1.0,4,0.0
75,San Antonio,San Antonio Intl,SAT,8.6,0.7433862433862434,28,0.001791138970717137
76,Pensacola,Pensacola Rgnl,PNS,7.75,1.0,4,0.0
77,Jacksonville,Jacksonville Intl,JAX,8.133333333333333,0.8433048433048433,27,0.00011278081925118401
78,Fort Myers,Southwest Florida Intl,RSW,8.483333333333333,0.6666666666666666,31,0.000996633539379711
79,New York,La Guardia,LGA,7.85,0.449468085106383,48,0.0027698640010562383
80,Miami,Miami Intl,MIA,7.833333333333333,0.6820512820512821,40,0.0034178877683723255
81,Raleigh-durham,Raleigh Durham Intl,RDU,7.825,0.8870967741935484,32,0.00014022406502231345
82,St. Thomas,Cyril E King,STT,11.5,0.9555555555555556,10,1.0388800872659275e-06
83,San Juan,Luis Munoz Marin Intl,SJU,9.333333333333334,0.9052631578947369,20,0.00011845561336569747
84,Colombia,Columbia Metropolitan,CAE,8.4,0.9555555555555556,10,1.2699488246244191e-06
85,West Palm Beach,Palm Beach Intl,PBI,8.9,0.7789473684210526,20,0.00048743382004243853
86,Richmond,Richmond Intl,RIC,7.65,0.9416666666666667,16,5.0610219416738115e-06
87,Columbus,Port Columbus Intl,CMH,8.166666666666666,0.8862433862433863,28,0.00012459240661205823
88,Santa Ana,John Wayne Arpt Orange Co,SNA,11.6,0.875,17,0.00013274011364036706
89,Gulfport,Gulfport-Biloxi,GPT,9.033333333333333,1.0,6,0.0
90,Louisville,Louisville International Airport,SDF,8.416666666666666,0.9368421052631579,20,2.6981538445642153e-05
91,Dayton,James M Cox Dayton Intl,DAY,7.916666666666667,0.9619047619047619,15,4.001787615222545e-06
92,Charleston,Charleston Afb Intl,CHS,8.833333333333334,0.9636363636363636,11,1.2699488246244191e-06
93,Norfolk,Norfolk Intl,ORF,8.166666666666666,0.9150326797385621,18,2.043148785923297e-05
94,Sarasota,Sarasota Bradenton Intl,SRQ,9.45,0.8571428571428571,8,3.7707888907453675e-06
95,New Orleans,Louis Armstrong New Orleans Intl,MSY,8.7,0.8091954022988506,30,0.00041057899008918093
96,Portland,Portland Intl Jetport,PWM,9.966666666666667,0.9444444444444444,9,1.0720358347318613e-06
97,Indianapolis,Indianapolis Intl,IND,8.333333333333334,0.7916666666666666,33,0.0005047746090869298
98,Little Rock,Adams Fld,LIT,8.1,0.7904761904761904,15,0.0001711081482948313
99,Lexington KY,Blue Grass,LEX,7.7,0.9777777777777777,10,6.040000507360043e-07
100,HUNTSVILLE,Huntsville International Airport-Carl T Jones Field,HSV,8.766666666666667,0.9555555555555556,10,1.3678947787978254e-06
101,Colorado Springs,City Of Colorado Springs Muni,COS,10.166666666666666,1.0,9,0.0
102,Daytona Beach,Daytona Beach Intl,DAB,9.2,0.0,1,0.0
103,Windsor Locks,Bradley Intl,BDL,9.033333333333333,0.8615384615384616,26,8.284989537369235e-05
104,Savannah,Savannah Hilton Head Intl,SAV,8.516666666666667,0.9636363636363636,11,1.2699488246244191e-06
105,Memphis,Memphis Intl,MEM,8.65,0.3097412480974125,73,0.018220813938764412
106,Ontario,Ontario Intl,ONT,12.416666666666666,0.8461538461538461,13,0.00010098612135806055
107,San Jose,Norman Y Mineta San Jose Intl,SJC,9.0,0.7035573122529645,23,0.0006789903808214274
108,Rochester,Greater Rochester Intl,ROC,8.058333333333334,0.9545454545454546,12,1.5529988380957166e-06
109,Boston,General Edward Lawrence Logan Intl,BOS,8.016666666666667,0.6037234042553191,48,0.004457048227453874
110,Washington,Ronald Reagan Washington Natl,DCA,7.083333333333333,0.5971014492753624,46,0.002346338623845785
111,Melbourne,Melbourne Intl,MLB,10.25,0.0,1,0.0
112,Charlottesville VA,Charlottesville-Albemarle,CHO,19.683333333333334,0.0,1,0.0
113,Springfield,Springfield Branson Natl,SGF,8.666666666666666,1.0,8,0.0
114,Burlington,Burlington Intl,BTV,8.566666666666666,0.9444444444444444,9,1.0720358347318613e-06
115,Des Moines,Des Moines Intl,DSM,8.583333333333334,0.9615384615384616,13,6.40505302479694e-06
116,Tulsa,Tulsa Intl,TUL,8.75,0.8455882352941176,17,0.00025994594825932537
117,Newport News,Newport News Williamsburg Intl,PHF,7.8,1.0,5,0.0
118,Jacksonville NC,Albert J Ellis,OAJ,9.966666666666667,1.0,2,0.0
119,AKRON,Akron Canton Regional Airport,CAK,8.033333333333333,0.9166666666666666,9,9.10264634225958e-06
120,Baton Rouge,Baton Rouge Metro Ryan Fld,BTR,8.833333333333334,1.0,4,0.0
121,Roanoke VA,Roanoke Regional,ROA,7.725,1.0,4,0.0
122,Columbus,Columbus Metropolitan Airport,CSG,10.408333333333333,0.0,1,0.0
123,Bentonville,NW Arkansas Regional,XNA,8.833333333333334,0.9696969696969697,12,8.014139364769873e-06
124,Madison,Dane Co Rgnl Truax Fld,MSN,7.1,0.9615384615384616,13,3.3743469501118108e-06
125,Manchester NH,Manchester Regional Airport,MHT,9.8,0.9264705882352942,17,9.613988579255287e-06
126,Newburgh,Stewart Intl,SWF,12.6,1.0,4,0.0
127,Fayetteville,Fayetteville Regional Grannis Field,FAY,10.166666666666666,1.0,2,0.0
128,Charleston,Yeager,CRW,8.783333333333333,1.0,4,0.0
129,Panama City,Panama City Bay Co Intl,PFN,9.783333333333333,1.0,2,0.0
130,Valdosta,Valdosta Regional Airport,VLD,15.183333333333334,0.0,1,0.0
131,Florence,Florence Rgnl,FLO,17.75,0.0,1,0.0
132,Tallahassee,Tallahassee Rgnl,TLH,9.766666666666667,1.0,3,0.0
133,Wichita,Wichita Mid Continent,ICT,9.316666666666666,0.9333333333333333,10,2.527679202224043e-05
134,Syracuse,Syracuse Hancock Intl,SYR,9.583333333333334,0.9615384615384616,13,1.740826092175338e-06
135,Providence,Theodore Francis Green State,PVD,9.583333333333334,0.9298245614035088,19,1.0854873127934035e-05
136,Moline,Quad City Intl,MLI,8.466666666666667,1.0,8,0.0
137,Flint,Bishop International,FNT,9.416666666666666,0.9444444444444444,9,1.3466964094187944e-06
138,Lafayette,Lafayette Rgnl,LFT,9.333333333333334,1.0,3,0.0
139,Dothan,Dothan Rgnl,DHN,12.283333333333333,0.0,1,0.0
140,Evansville,Evansville Regional,EVV,9.433333333333334,1.0,5,0.0
141,Shreveport,Shreveport Rgnl,SHV,8.5,1.0,5,0.0
142,Oklahoma City,Will Rogers World,OKC,9.166666666666666,0.8526315789473684,20,0.0002889153977166979
143,Wilmington,Wilmington Intl,ILM,9.95,1.0,2,0.0
144,BRISTOL,Tri-Cities Regional Airport,TRI,9.716666666666667,1.0,3,0.0
145,Gainesville,Gainesville Rgnl,GNV,10.216666666666667,0.0,1,0.0
146,Grand Rapids,Gerald R Ford Intl,GRR,8.4,0.9615384615384616,13,3.3743469501118108e-06
147,South Bend,South Bend Rgnl,SBN,9.833333333333334,1.0,5,0.0
148,Harrisburg,Harrisburg Intl,MDT,8.516666666666667,1.0,8,0.0
149,Peoria,Peoria Regional,PIA,11.5,1.0,5,0.0
150,Killeen,Robert Gray Aaf,GRK,8.166666666666666,1.0,2,0.0
151,Fort Wayne,Fort Wayne,FWA,9.666666666666666,1.0,5,0.0
152,Appleton,Appleton,ATW,8.7,0.9,5,1.731466812109879e-06
153,Asheville,Asheville Regional Airport,AVL,9.316666666666666,1.0,5,0.0
154,Monroe,Monroe Rgnl,MLU,12.5,1.0,3,0.0
155,Cedar Rapids,Cedar Rapids,CID,9.083333333333334,0.9444444444444444,9,8.080178456512768e-06
156,Scranton,Wilkes Barre Scranton Intl,AVP,12.683333333333334,1.0,4,0.0
157,White Plains,Westchester Co,HPN,8.983333333333333,0.8333333333333334,9,6.306762991477921e-06
158,Bloomington,Central Illinois Rgnl,BMI,9.666666666666666,1.0,4,0.0
159,Lynchburg,Lynchburg Regional Preston Glenn Field,LYH,19.716666666666665,0.0,1,0.0
160,Columbus Mississippi,Golden Triangle Regional Airport,GTR,15.466666666666667,0.0,1,0.0
161,Meridian MS,Key Field,MEI,19.4,0.0,1,0.0
162,Brunswick,Brunswick Golden Isles Airport,BQK,14.083333333333334,0.0,1,0.0
163,Myrtle Beach,Myrtle Beach Intl,MYR,8.666666666666666,1.0,3,0.0
164,New Bern,Craven Co Rgnl,EWN,19.833333333333332,0.0,1,0.0
165,MONTGOMERY,Montgomery Regional Airport ,MGM,9.666666666666666,1.0,2,0.0
166,Key West,Key West Intl,EYW,14.75,0.0,1,0.0
167,Fort Smith,Fort Smith Rgnl,FSM,9.833333333333334,1.0,3,0.0
168,Lawton,Lawton-Fort Sill Regional Airport,LAW,11.216666666666667,1.0,2,0.0
169,Harlingen,Valley Intl,HRL,10.75,0.8,5,3.559126224892529e-06
170,Long Beach,Long Beach,LGB,12.583333333333334,0.8285714285714286,15,6.845968296932099e-05
171,Kalamazoo,Kalamazoo,AZO,9.083333333333334,1.0,4,0.0
172,Bakersfield,Meadows Fld,BFL,12.716666666666667,1.0,4,0.0
173,Binghamton,Greater Binghamton Edwin A Link Fld,BGM,20.85,0.0,1,0.0
174,Bangor,Bangor Intl,BGR,10.7,0.8333333333333334,4,5.194400436329637e-07
175,Billings,Billings Logan International Airport,BIL,11.15,1.0,3,0.0
176,Bismarck,Bismarck Municipal Airport,BIS,11.766666666666667,1.0,2,0.0
177,Boise,Boise Air Terminal,BOI,10.483333333333333,0.8974358974358975,13,0.0001159359671081859
178,Spokane,Spokane Intl,GEG,11.233333333333333,0.9722222222222222,9,1.270541467851712e-05
179,Reno,Reno Tahoe Intl,RNO,11.666666666666666,0.8916666666666667,16,0.00019999714135476894
180,Aguadilla,Rafael Hernandez,BQN,24.0,0.6666666666666666,3,5.194400436329637e-07
181,Brownsville,Brownsville South Padre Island Intl,BRO,10.483333333333333,0.0,1,0.0
182,Barrow,Wiley Post Will Rogers Mem,BRW,21.316666666666666,1.0,3,0.0
183,Butte,Bert Mooney Airport,BTM,12.25,0.0,1,0.0
184,Burbank,Bob Hope,BUR,11.5,0.8909090909090909,11,3.5996024140406077e-05
185,Islip,Long Island Mac Arthur,ISP,9.75,0.6785714285714286,8,1.1829248905102187e-05
186,Bozeman,Gallatin Field,BZN,12.483333333333333,1.0,7,0.0
187,Cedar City,Cedar City Rgnl,CDC,14.616666666666667,0.0,1,0.0
188,Yakutat,Yakutat,YAK,19.733333333333334,0.0,2,5.8004138205680945e-05
189,Chico,Chico Muni,CIC,14.8,0.0,1,0.0
190,Carlsbad,McClellan-Palomar Airport,CLD,16.066666666666666,0.0,1,0.0
191,College Station,Easterwood Fld,CLL,12.083333333333334,0.0,1,0.0
192,Champaign,Champaign,CMI,13.5,0.6666666666666666,3,0.0002466449873145455
193,Hancock,Houghton County Memorial Airport,CMX,21.666666666666668,0.0,1,0.0
194,Cody,Yellowstone Rgnl,COD,12.116666666666667,1.0,2,0.0
195,Casper,Natrona Co Intl,CPR,13.116666666666667,1.0,2,0.0
196,Corpus Christi,Corpus Christi Intl,CRP,8.333333333333334,0.6666666666666666,3,2.5972002181648183e-06
197,Huntington,Tri State Milton J Ferguson Field,HTS,18.583333333333332,0.0,1,0.0
198,Sioux Falls,Sioux Falls,FSD,9.183333333333334,1.0,4,0.0
199,Wassau,Central Wisconsin,CWA,9.85,1.0,2,0.0
200,Dubuque IA,Dubuque Rgnl,DBQ,15.166666666666666,0.0,1,0.0
201,Durango,Durango La Plata Co,DRO,11.616666666666667,1.0,2,0.0
202,Vail,Eagle Co Rgnl,EGE,12.2,0.9393939393939394,12,9.461150914890273e-06
203,Gillette,Gillette-Campbell County Airport,GCC,13.266666666666667,1.0,3,0.0
204,Grand Junction,Grand Junction Regional,GJT,9.266666666666667,0.9,5,1.1223978982029924e-05
205,Jacksn Hole,Jackson Hole Airport,JAC,12.55,1.0,6,0.0
206,Montrose CO,Montrose Regional Airport,MTJ,12.583333333333334,1.0,8,0.0
207,Rapid City,Rapid City Regional Airport,RAP,9.95,1.0,3,0.0
208,Rock Springs,Rock Springs Sweetwater County Airport,RKS,11.7,1.0,3,0.0
209,Lincoln,Lincoln,LNK,11.333333333333334,1.0,3,0.0
210,Helena,Helena Rgnl,HLN,12.45,1.0,3,0.0
211,Medford,Rogue Valley Intl Medford,MFR,12.8,1.0,4,0.0
212,Gunnison,Crested Butte Regional Airport,GUC,21.916666666666668,1.0,5,0.0
213,Hayden,Yampa Valley,HDN,12.883333333333333,0.8222222222222222,10,0.00029098890458546215
214,Kalispell,Glacier Park Intl,FCA,13.316666666666666,1.0,2,0.0
215,Idaho Falls,Idaho Falls Rgnl,IDA,11.633333333333333,1.0,3,0.0
216,Pasco,Tri Cities Airport,PSC,13.875,1.0,2,0.0
217,Fargo,Hector International Airport,FAR,9.166666666666666,1.0,3,0.0
218,Great Falls,Great Falls Intl,GTF,12.483333333333333,1.0,2,0.0
219,Santa Barbara,Santa Barbara Muni,SBA,10.441666666666666,0.9642857142857143,8,5.59903670220314e-06
220,Eugene,Mahlon Sweet Fld,EUG,13.316666666666666,1.0,4,0.0
221,Fresno,Fresno Yosemite Intl,FAT,9.75,1.0,7,0.0
222,Monterey,Monterey Peninsula,MRY,8.583333333333334,1.0,4,0.0
223,Missoula,Missoula Intl,MSO,12.483333333333333,1.0,2,0.0
224,Palm Springs,Palm Springs Intl,PSP,11.8,1.0,11,0.0
225,Texarkana,Texarkana Rgnl Webb Fld,TXK,14.5,0.0,1,0.0
226,Laredo,Laredo Intl,LRD,14.0,1.0,2,0.0
227,Longview,East Texas Rgnl,GGG,15.333333333333334,0.0,1,0.0
228,Tyler,Tyler Pounds Rgnl,TYR,12.5,0.0,1,0.0
229,Roswell,Roswell Intl Air Center,ROW,15.166666666666666,0.0,1,0.0
230,San Angelo,San Angelo Rgnl Mathis Fld,SJT,39.416666666666664,0.0,1,0.0
231,Mcallen,Mc Allen Miller Intl,MFE,9.108333333333333,1.0,2,0.0
232,Duluth,Duluth Intl,DLH,13.55,1.0,2,0.0
233,Saginaw,Mbs Intl,MBS,10.833333333333334,1.0,2,0.0
234,Green Bay,Austin Straubel Intl,GRB,11.25,0.8,5,0.0001606083083842165
235,Lansing,Capital City,LAN,12.9,1.0,2,0.0
236,Traverse City,Cherry Capital Airport,TVC,8.283333333333333,1.0,3,0.0
237,Elmira,Elmira Corning Rgnl,ELM,9.416666666666666,0.0,1,0.0
238,Erie,Erie Intl Tom Ridge Fld,ERI,12.85,0.0,1,0.0
239,State College Pennsylvania,University Park Airport,SCE,20.45,0.0,1,0.0
240,Ithaca,Ithaca Tompkins Rgnl,ITH,44.833333333333336,0.0,1,0.0
241,Elko,Elko Regional Airport,EKO,12.4,0.0,1,0.0
242,Flagstaff,Flagstaff Pulliam Airport,FLG,15.683333333333334,0.0,1,0.0
243,Grand Forks,Grand Forks Intl,GFK,9.383333333333333,0.0,1,0.0
244,Marquette,Sawyer International Airport,MQT,18.083333333333332,1.0,3,0.0
245,Hilo,Hilo Intl,ITO,10.9,1.0,3,0.0
246,Kona,Kona Intl At Keahole,KOA,15.416666666666666,0.8333333333333334,9,0.0010223373942909212
247,Lihue,Lihue,LIH,9.766666666666667,1.0,7,0.0
248,Lake Charles,Lake Charles Rgnl,LCH,19.45,0.0,1,0.0
249,Imperial,Imperial Co,IPL,21.483333333333334,0.0,1,0.0
250,Inyokern,Inyokern Airport,IYK,12.7,0.0,1,0.0
251,Ponce,Mercedita,PSE,25.566666666666666,1.0,2,0.0
252,Sitka,Sitka Rocky Gutierrez,SIT,19.683333333333334,1.0,2,0.0
253,Ketchikan,Ketchikan Intl,KTN,10.75,0.3333333333333333,4,0.010166713712746136
254,Petersburg,Petersburg James A. Johnson,PSG,36.46666666666667,0.0,2,0.00010129080850842792
255,Wrangell,Wrangell Airport,WRG,35.36666666666667,0.0,2,1.2986001090824092e-05
256,Santa Maria,Santa Maria Pub Cpt G Allan Hancock Airport,SMX,11.716666666666667,0.0,1,0.0
257,Oxnard,Ventura County Camarillo Airport,OXR,14.416666666666666,0.0,1,0.0
258,San Luis Obispo,San Luis County Regional Airport,SBP,12.033333333333333,1.0,3,0.0
259,Saint George,St George Muni,SGU,11.0,1.0,2,0.0
260,Yuma,Yuma Mcas Yuma Intl,YUM,11.8,1.0,2,0.0
261,Klamath Falls,Klamath Falls Airport,LMT,14.7,1.0,2,0.0
262,LaCrosse,LaCrosse Municipal,LSE,13.083333333333334,1.0,2,0.0
263,Lewiston,Lewiston Nez Perce Co,LWS,22.566666666666666,0.0,1,0.0
264,St. Criox Island,Henry E Rohlsen,STX,37.333333333333336,1.0,3,0.0
265,Modesto,Modesto City Co Harry Sham,MOD,12.8,0.0,1,0.0
266,Minot,Minot Intl,MOT,14.75,0.0,1,0.0
267,Waterloo,Waterloo Regional Airport,ALO,22.283333333333335,0.0,1,0.0
268,Rochester,Rochester,RST,8.666666666666666,1.0,3,0.0
269,Springfield,Abraham Lincoln Capital,SPI,16.766666666666666,1.0,2,0.0
270,Toledo,Toledo,TOL,15.916666666666666,0.0,1,0.0
271,North Bend,Southwest Oregon Regional Airport,OTH,15.05,1.0,2,0.0
272,Redmond-Bend,Roberts Fld,RDM,12.633333333333333,1.0,3,0.0
273,Pocatello,Pocatello Regional Airport,PIH,12.65,0.0,1,0.0
274,Redding,Redding Muni,RDD,12.216666666666667,0.0,1,0.0
275,Hailey,Friedman Mem,SUN,12.633333333333333,0.0,1,0.0
276,Twin Falls,Magic Valley Regional Airport,TWF,12.55,0.0,1,0.0
277,Rhinelander,Rhinelander Oneida County Airport,RHI,39.13333333333333,0.0,1,0.0
278,Telluride,Telluride,TEX,108.175,0.0,1,0.0
